s_m,none,loop_0p05,loop_0p025
0.0000,0.80000,0.50000,0.50000
0.0025,0.79872,0.47500,0.45000
0.0050,0.79744,0.45000,0.40000
0.0075,0.79615,0.42500,0.35000
0.0100,0.79487,0.40000,0.30000
0.0125,0.79359,0.37500,0.25000
0.0150,0.79231,0.35000,0.20000
0.0175,0.79103,0.32500,0.15000
0.0200,0.78974,0.30000,0.10000
0.0225,0.78846,0.27500,0.05000
0.0250,0.78718,0.25000,0.00000
0.0275,0.78590,0.22500,0.00000
0.0300,0.78462,0.20000,0.00000
0.0325,0.78333,0.17500,0.00000
0.0350,0.78205,0.15000,0.00000
0.0375,0.78077,0.12500,0.00000
0.0400,0.77949,0.10000,0.00000
0.0425,0.77821,0.07500,0.00000
0.0450,0.77692,0.05000,0.00000
0.0475,0.77564,0.02500,0.00000
0.0500,0.77436,0.00000,0.00000
0.0525,0.77308,0.00000,0.00000
0.0550,0.77179,0.00000,0.00000
0.0575,0.77051,0.00000,0.00000
0.0600,0.76923,0.00000,0.00000
0.0625,0.76795,0.00000,0.00000
0.0650,0.76667,0.00000,0.00000
0.0675,0.76538,0.00000,0.00000
0.0700,0.76410,0.00000,0.00000
0.0725,0.76282,0.00000,0.00000
0.0750,0.76154,0.00000,0.00000
0.0775,0.76026,0.00000,0.00000
0.0800,0.75897,0.00000,0.00000
0.0825,0.75769,0.00000,0.00000
0.0850,0.75641,0.00000,0.00000
0.0875,0.75513,0.00000,0.00000
0.0900,0.75385,0.00000,0.00000
0.0925,0.75256,0.00000,0.00000
0.0950,0.75128,0.00000,0.00000
0.0975,0.75000,0.00000,0.00000
0.1000,0.74872,0.00000,0.00000
0.1025,0.74744,0.00000,0.00000
0.1050,0.74615,0.00000,0.00000
0.1075,0.74487,0.00000,0.00000
0.1100,0.74359,0.00000,0.00000
0.1125,0.74231,0.00000,0.00000
0.1150,0.74103,0.00000,0.00000
0.1175,0.73974,0.00000,0.00000
0.1200,0.73846,0.00000,0.00000
0.1225,0.73718,0.00000,0.00000
0.1250,0.73590,0.00000,0.00000
0.1275,0.73462,0.00000,0.00000
0.1300,0.73333,0.00000,0.00000
0.1325,0.73205,0.00000,0.00000
0.1350,0.73077,0.00000,0.00000
0.1375,0.72949,0.00000,0.00000
0.1400,0.72821,0.00000,0.00000
0.1425,0.72692,0.00000,0.00000
0.1450,0.72564,0.00000,0.00000
0.1475,0.72436,0.00000,0.00000
0.1500,0.72308,0.00000,0.00000
0.1525,0.72179,0.00000,0.00000
0.1550,0.72051,0.00000,0.00000
0.1575,0.71923,0.00000,0.00000
0.1600,0.71795,0.00000,0.00000
0.1625,0.71667,0.00000,0.00000
0.1650,0.71538,0.00000,0.00000
0.1675,0.71410,0.00000,0.00000
0.1700,0.71282,0.00000,0.00000
0.1725,0.71154,0.00000,0.00000
0.1750,0.71026,0.00000,0.00000
0.1775,0.70897,0.00000,0.00000
0.1800,0.70769,0.00000,0.00000
0.1825,0.70641,0.00000,0.00000
0.1850,0.70513,0.00000,0.00000
0.1875,0.70385,0.00000,0.00000
0.1900,0.70256,0.00000,0.00000
0.1925,0.70128,0.00000,0.00000
0.1950,0.70000,0.00000,0.00000
0.1975,0.69872,0.00000,0.00000
0.2000,0.69744,0.00000,0.00000
0.2025,0.69615,0.00000,0.00000
0.2050,0.69487,0.00000,0.00000
0.2075,0.69359,0.00000,0.00000
0.2100,0.69231,0.00000,0.00000
0.2125,0.69103,0.00000,0.00000
0.2150,0.68974,0.00000,0.00000
0.2175,0.68846,0.00000,0.00000
0.2200,0.68718,0.00000,0.00000
0.2225,0.68590,0.00000,0.00000
0.2250,0.68462,0.00000,0.00000
0.2275,0.68333,0.00000,0.00000
0.2300,0.68205,0.00000,0.00000
0.2325,0.68077,0.00000,0.00000
0.2350,0.67949,0.00000,0.00000
0.2375,0.67821,0.00000,0.00000
0.2400,0.67692,0.00000,0.00000
0.2425,0.67564,0.00000,0.00000
0.2450,0.67436,0.00000,0.00000
0.2475,0.67308,0.00000,0.00000
0.2500,0.67179,0.00000,0.00000
0.2525,0.67051,0.00000,0.00000
0.2550,0.66923,0.00000,0.00000
0.2575,0.66795,0.00000,0.00000
0.2600,0.66667,0.00000,0.00000
0.2625,0.66538,0.00000,0.00000
0.2650,0.66410,0.00000,0.00000
0.2675,0.66282,0.00000,0.00000
0.2700,0.66154,0.00000,0.00000
0.2725,0.66026,0.00000,0.00000
0.2750,0.65897,0.00000,0.00000
0.2775,0.65769,0.00000,0.00000
0.2800,0.65641,0.00000,0.00000
0.2825,0.65513,0.00000,0.00000
0.2850,0.65385,0.00000,0.00000
0.2875,0.65256,0.00000,0.00000
0.2900,0.65128,0.00000,0.00000
0.2925,0.65000,0.00000,0.00000
0.2950,0.65128,0.00000,0.00000
0.2975,0.65256,0.00000,0.00000
0.3000,0.65385,0.00000,0.00000
